{"cameraMode":{"drawMode":0,"name":"Shaded","section":"Shading Mode"},"sceneLighting":false,"audioPlay":false,"sceneViewState":{"showFog":true,"showMaterialUpdate":false,"showSkybox":true,"showFlares":true,"showImageEffects":true,"showParticleSystems":true},"in2DMode":false,"pivot":{"x":257.5998229980469,"y":0.9837064743041992,"z":15.063079833984375},"rotation":{"x":0.25550296902656557,"y":0.24468645453453065,"z":-0.06701157987117768,"w":0.9329288005828857},"size":6.913702487945557,"orthographic":false}