{"cameraMode":{"drawMode":0,"name":"Shaded","section":"Shading Mode"},"sceneLighting":false,"audioPlay":false,"sceneViewState":{"showFog":true,"showMaterialUpdate":false,"showSkybox":true,"showFlares":true,"showImageEffects":true,"showParticleSystems":true},"in2DMode":false,"pivot":{"x":0.8130000233650208,"y":0.335999995470047,"z":-0.5047733187675476},"rotation":{"x":0.23077654838562013,"y":-0.748491108417511,"z":0.3264950215816498,"w":0.529059886932373},"size":0.6886696815490723,"orthographic":false}