{"cameraMode":{"drawMode":0,"name":"Shaded","section":"Shading Mode"},"sceneLighting":false,"audioPlay":false,"sceneViewState":{"showFog":true,"showMaterialUpdate":false,"showSkybox":true,"showFlares":true,"showImageEffects":true,"showParticleSystems":true},"in2DMode":false,"pivot":{"x":0.1850007176399231,"y":-0.13357692956924439,"z":-0.011320888996124268},"rotation":{"x":-0.2986089885234833,"y":0.45753392577171328,"z":-0.16644196212291718,"w":-0.8208485841751099},"size":2.349018096923828,"orthographic":false}