{"cameraMode":{"drawMode":0,"name":"Shaded","section":"Shading Mode"},"sceneLighting":false,"audioPlay":false,"sceneViewState":{"showFog":true,"showMaterialUpdate":false,"showSkybox":true,"showFlares":true,"showImageEffects":true,"showParticleSystems":true},"in2DMode":false,"pivot":{"x":-0.09733488410711289,"y":0.3510555028915405,"z":-0.41100001335144045},"rotation":{"x":0.033401258289813998,"y":-0.8976616263389587,"z":0.06909653544425965,"w":0.4339512586593628},"size":1.3605363368988038,"orthographic":false}