{"cameraMode":{"drawMode":0,"name":"Shaded","section":"Shading Mode"},"sceneLighting":false,"audioPlay":false,"sceneViewState":{"showFog":true,"showMaterialUpdate":false,"showSkybox":true,"showFlares":true,"showImageEffects":true,"showParticleSystems":true},"in2DMode":false,"pivot":{"x":0.0004679076373577118,"y":-0.041590139269828799,"z":-0.018963992595672609},"rotation":{"x":-0.041907455772161487,"y":0.928203284740448,"z":-0.3528910279273987,"w":-0.11022869497537613},"size":1.556811809539795,"orthographic":false}