{"cameraMode":{"drawMode":0,"name":"Shaded","section":"Shading Mode"},"sceneLighting":false,"audioPlay":false,"sceneViewState":{"showFog":true,"showMaterialUpdate":false,"showSkybox":true,"showFlares":true,"showImageEffects":true,"showParticleSystems":true},"in2DMode":false,"pivot":{"x":0.06643631309270859,"y":0.07149865478277207,"z":-0.5133056640625},"rotation":{"x":0.033401258289813998,"y":-0.8976616263389587,"z":0.06909653544425965,"w":0.4339512586593628},"size":0.9897502064704895,"orthographic":false}