{"cameraMode":{"drawMode":0,"name":"Shaded","section":"Shading Mode"},"sceneLighting":false,"audioPlay":false,"sceneViewState":{"showFog":true,"showMaterialUpdate":false,"showSkybox":true,"showFlares":true,"showImageEffects":true,"showParticleSystems":true},"in2DMode":false,"pivot":{"x":1.42714262008667,"y":0.4346182346343994,"z":-0.8947296738624573},"rotation":{"x":0.10987380892038346,"y":-0.80864417552948,"z":0.15998639166355134,"w":0.555361807346344},"size":0.6475070714950562,"orthographic":false}