{"cameraMode":{"drawMode":0,"name":"Shaded","section":"Shading Mode"},"sceneLighting":false,"audioPlay":false,"sceneViewState":{"showFog":true,"showMaterialUpdate":false,"showSkybox":true,"showFlares":true,"showImageEffects":true,"showParticleSystems":true},"in2DMode":false,"pivot":{"x":0.03220122307538986,"y":0.2525850534439087,"z":0.25518733263015749},"rotation":{"x":-0.0631660670042038,"y":-0.9251553416252136,"z":0.1772691011428833,"w":-0.32965636253356936},"size":0.1507205367088318,"orthographic":false}