{"cameraMode":{"drawMode":0,"name":"Shaded","section":"Shading Mode"},"sceneLighting":false,"audioPlay":false,"sceneViewState":{"showFog":true,"showMaterialUpdate":false,"showSkybox":true,"showFlares":true,"showImageEffects":true,"showParticleSystems":true},"in2DMode":false,"pivot":{"x":5.407703399658203,"y":-4.981090545654297,"z":4.271473407745361},"rotation":{"x":0.2745606601238251,"y":0.569775402545929,"z":-0.20980669558048249,"w":0.745622992515564},"size":10.165057182312012,"orthographic":false}