{"cameraMode":{"drawMode":0,"name":"Shaded","section":"Shading Mode"},"sceneLighting":true,"audioPlay":false,"sceneViewState":{"showFog":true,"showMaterialUpdate":false,"showSkybox":false,"showFlares":true,"showImageEffects":true,"showParticleSystems":true},"in2DMode":false,"pivot":{"x":-0.01414942741394043,"y":-0.3433743715286255,"z":-0.7840389013290405},"rotation":{"x":-0.30251622200012209,"y":0.5868270397186279,"z":-0.2507460117340088,"w":-0.7079861164093018},"size":3.330570697784424,"orthographic":false}